week,sku,dc,naive_mape,festival_mape,is_festival
5,SKU001_Snacks,Mumbai,0.08815232722143865,0.08815232722143865,False
5,SKU001_Snacks,Kolkata,0.04774052478134111,0.04774052478134111,False
5,SKU002_Beverages,Mumbai,0.16551987767584098,0.16551987767584098,False
5,SKU002_Beverages,Kolkata,0.24470338983050846,0.24470338983050846,False
5,SKU003_Cheese,Mumbai,0.08569979716024341,0.08569979716024341,False
5,SKU003_Cheese,Kolkata,0.14455184534270651,0.14455184534270651,False
5,SKU004_Bakery,Mumbai,0.05956521739130435,0.05956521739130435,False
5,SKU004_Bakery,Kolkata,0.08992805755395683,0.08992805755395683,False
5,SKU005_Frozen,Mumbai,0.11794171220400729,0.11794171220400729,False
5,SKU005_Frozen,Kolkata,0.018975332068311195,0.018975332068311195,False
6,SKU001_Snacks,Mumbai,0.05368338557993731,0.05368338557993731,False
6,SKU001_Snacks,Kolkata,0.1749710312862109,0.1749710312862109,False
6,SKU002_Beverages,Mumbai,0.01830357142857143,0.01830357142857143,False
6,SKU002_Beverages,Kolkata,0.09442270058708414,0.09442270058708414,False
6,SKU003_Cheese,Mumbai,0.1259920634920635,0.1259920634920635,False
6,SKU003_Cheese,Kolkata,0.15022935779816513,0.15022935779816513,False
6,SKU004_Bakery,Mumbai,0.25947225981055483,0.25947225981055483,False
6,SKU004_Bakery,Kolkata,0.03887070376432079,0.03887070376432079,False
6,SKU005_Frozen,Mumbai,0.05125725338491296,0.05125725338491296,False
6,SKU005_Frozen,Kolkata,0.1175,0.1175,False
7,SKU001_Snacks,Mumbai,0.007352941176470588,0.007352941176470588,False
7,SKU001_Snacks,Kolkata,0.03268428372739916,0.03268428372739916,False
7,SKU002_Beverages,Mumbai,0.02440068493150685,0.02440068493150685,False
7,SKU002_Beverages,Kolkata,0.10552268244575937,0.10552268244575937,False
7,SKU003_Cheese,Mumbai,0.10680190930787589,0.10680190930787589,False
7,SKU003_Cheese,Kolkata,0.30992268041237114,0.30992268041237114,False
7,SKU004_Bakery,Mumbai,0.11106927710843373,0.11106927710843373,False
7,SKU004_Bakery,Kolkata,0.047619047619047616,0.047619047619047616,False
7,SKU005_Frozen,Mumbai,0.018463073852295408,0.018463073852295408,False
7,SKU005_Frozen,Kolkata,0.21145124716553287,0.21145124716553287,False
8,SKU001_Snacks,Mumbai,0.49451353328456477,0.2670446232626189,True
8,SKU001_Snacks,Kolkata,0.1,0.3049999999999999,True
8,SKU002_Beverages,Mumbai,0.28814064362336117,0.03219606674612626,True
8,SKU002_Beverages,Kolkata,0.42214357937310415,0.16210819009100105,True
8,SKU003_Cheese,Mumbai,0.26711783439490444,0.06267914012738847,True
8,SKU003_Cheese,Kolkata,0.4120260663507109,0.1474377962085308,True
8,SKU004_Bakery,Mumbai,0.508825786646201,0.28779739063699156,True
8,SKU004_Bakery,Kolkata,0.4878097521982414,0.2573241406874501,True
8,SKU005_Frozen,Mumbai,0.4829255861365953,0.2502420998980633,True
8,SKU005_Frozen,Kolkata,0.33236808236808235,0.031933719433719435,True
9,SKU001_Snacks,Mumbai,0.05089485458612975,0.05089485458612975,False
9,SKU001_Snacks,Kolkata,0.043230563002680966,0.043230563002680966,False
9,SKU002_Beverages,Mumbai,0.1505235602094241,0.1505235602094241,False
9,SKU002_Beverages,Kolkata,0.17430795847750866,0.17430795847750866,False
9,SKU003_Cheese,Mumbai,0.2052877138413686,0.2052877138413686,False
9,SKU003_Cheese,Kolkata,0.10742574257425742,0.10742574257425742,False
9,SKU004_Bakery,Mumbai,0.11903137789904503,0.11903137789904503,False
9,SKU004_Bakery,Kolkata,0.059571619812583666,0.059571619812583666,False
9,SKU005_Frozen,Mumbai,0.1688073394495413,0.1688073394495413,False
9,SKU005_Frozen,Kolkata,0.07531545741324921,0.07531545741324921,False
10,SKU001_Snacks,Mumbai,0.11983729662077597,0.11983729662077597,False
10,SKU001_Snacks,Kolkata,0.030194805194805194,0.030194805194805194,False
10,SKU002_Beverages,Mumbai,0.109375,0.109375,False
10,SKU002_Beverages,Kolkata,0.04259259259259259,0.04259259259259259,False
10,SKU003_Cheese,Mumbai,0.2638248847926267,0.2638248847926267,False
10,SKU003_Cheese,Kolkata,0.028882575757575756,0.028882575757575756,False
10,SKU004_Bakery,Mumbai,0.308599695585997,0.308599695585997,False
10,SKU004_Bakery,Kolkata,0.01964512040557668,0.01964512040557668,False
10,SKU005_Frozen,Mumbai,0.02304147465437788,0.02304147465437788,False
10,SKU005_Frozen,Kolkata,0.03918495297805643,0.03918495297805643,False
11,SKU001_Snacks,Mumbai,0.5767284991568297,0.5767284991568297,False
11,SKU001_Snacks,Kolkata,0.2087912087912088,0.2087912087912088,False
11,SKU002_Beverages,Mumbai,0.061313868613138686,0.061313868613138686,False
11,SKU002_Beverages,Kolkata,0.3216346153846154,0.3216346153846154,False
11,SKU003_Cheese,Mumbai,0.11320754716981132,0.11320754716981132,False
11,SKU003_Cheese,Kolkata,0.30773672055427254,0.30773672055427254,False
11,SKU004_Bakery,Mumbai,0.22697368421052633,0.22697368421052633,False
11,SKU004_Bakery,Kolkata,0.09831824062095731,0.09831824062095731,False
11,SKU005_Frozen,Mumbai,0.5355504587155964,0.5355504587155964,False
11,SKU005_Frozen,Kolkata,0.2158203125,0.2158203125,False
12,SKU001_Snacks,Mumbai,0.07567726737338044,0.07567726737338044,False
12,SKU001_Snacks,Kolkata,0.13051044083526683,0.13051044083526683,False
12,SKU002_Beverages,Mumbai,0.17649647887323944,0.17649647887323944,False
12,SKU002_Beverages,Kolkata,0.08059467918622848,0.08059467918622848,False
12,SKU003_Cheese,Mumbai,0.09758551307847083,0.09758551307847083,False
12,SKU003_Cheese,Kolkata,0.03104026845637584,0.03104026845637584,False
12,SKU004_Bakery,Mumbai,0.25074074074074076,0.25074074074074076,False
12,SKU004_Bakery,Kolkata,0.10696517412935323,0.10696517412935323,False
12,SKU005_Frozen,Mumbai,0.051932367149758456,0.051932367149758456,False
12,SKU005_Frozen,Kolkata,0.025494672754946726,0.025494672754946726,False
13,SKU001_Snacks,Mumbai,0.20673076923076922,0.20673076923076922,False
13,SKU001_Snacks,Kolkata,0.21728971962616822,0.21728971962616822,False
13,SKU002_Beverages,Mumbai,0.15422535211267605,0.15422535211267605,False
13,SKU002_Beverages,Kolkata,0.10534124629080119,0.10534124629080119,False
13,SKU003_Cheese,Mumbai,0.011341222879684419,0.011341222879684419,False
13,SKU003_Cheese,Kolkata,0.07616487455197132,0.07616487455197132,False
13,SKU004_Bakery,Mumbai,0.09093915343915344,0.09093915343915344,False
13,SKU004_Bakery,Kolkata,0.013624841571609633,0.013624841571609633,False
13,SKU005_Frozen,Mumbai,0.07512315270935961,0.07512315270935961,False
13,SKU005_Frozen,Kolkata,0.007013201320132013,0.007013201320132013,False
14,SKU001_Snacks,Mumbai,0.14666193181818182,0.14666193181818182,False
14,SKU001_Snacks,Kolkata,0.11602209944751381,0.11602209944751381,False
14,SKU002_Beverages,Mumbai,0.03533434650455927,0.03533434650455927,False
14,SKU002_Beverages,Kolkata,0.15498652291105122,0.15498652291105122,False
14,SKU003_Cheese,Mumbai,0.025160599571734475,0.025160599571734475,False
14,SKU003_Cheese,Kolkata,0.19027565084226647,0.19027565084226647,False
14,SKU004_Bakery,Mumbai,0.001445086705202312,0.001445086705202312,False
14,SKU004_Bakery,Kolkata,0.30587748344370863,0.30587748344370863,False
14,SKU005_Frozen,Mumbai,0.07615629984051037,0.07615629984051037,False
14,SKU005_Frozen,Kolkata,0.011065573770491803,0.011065573770491803,False
15,SKU001_Snacks,Mumbai,0.23971518987341772,0.23971518987341772,False
15,SKU001_Snacks,Kolkata,0.16107871720116618,0.16107871720116618,False
15,SKU002_Beverages,Mumbai,0.11247877758913413,0.11247877758913413,False
15,SKU002_Beverages,Kolkata,0.041666666666666664,0.041666666666666664,False
15,SKU003_Cheese,Mumbai,0.09192825112107623,0.09192825112107623,False
15,SKU003_Cheese,Kolkata,0.23076923076923078,0.23076923076923078,False
15,SKU004_Bakery,Mumbai,0.1954855195911414,0.1954855195911414,False
15,SKU004_Bakery,Kolkata,0.045774647887323945,0.045774647887323945,False
15,SKU005_Frozen,Mumbai,0.02001779359430605,0.02001779359430605,False
15,SKU005_Frozen,Kolkata,0.1444337811900192,0.1444337811900192,False
16,SKU001_Snacks,Mumbai,0.09549600912200684,0.31153078677308993,True
16,SKU001_Snacks,Kolkata,0.37111197511664074,0.08811236391912908,True
16,SKU002_Beverages,Mumbai,0.1769882659713168,0.19336701434159062,True
16,SKU002_Beverages,Kolkata,0.4445137157107232,0.19454488778054865,True
16,SKU003_Cheese,Mumbai,0.32213578500707213,0.017096888260254565,True
16,SKU003_Cheese,Kolkata,0.308679706601467,0.0024144254278728886,True
16,SKU004_Bakery,Mumbai,0.11553524804177545,0.2824738903394256,True
16,SKU004_Bakery,Kolkata,0.30851569933396766,0.0026522359657468212,True
16,SKU005_Frozen,Mumbai,0.38290816326530613,0.10521683673469395,True
16,SKU005_Frozen,Kolkata,0.03932584269662921,0.3929775280898875,True
17,SKU001_Snacks,Mumbai,0.12552742616033755,0.12552742616033755,False
17,SKU001_Snacks,Kolkata,0.02789585547290117,0.02789585547290117,False
17,SKU002_Beverages,Mumbai,0.031818181818181815,0.031818181818181815,False
17,SKU002_Beverages,Kolkata,0.3266393442622951,0.3266393442622951,False
17,SKU003_Cheese,Mumbai,0.11669435215946844,0.11669435215946844,False
17,SKU003_Cheese,Kolkata,0.11891891891891893,0.11891891891891893,False
17,SKU004_Bakery,Mumbai,0.17811032863849766,0.17811032863849766,False
17,SKU004_Bakery,Kolkata,0.10434173669467788,0.10434173669467788,False
17,SKU005_Frozen,Mumbai,0.2861111111111111,0.2861111111111111,False
17,SKU005_Frozen,Kolkata,0.17366946778711484,0.17366946778711484,False
18,SKU001_Snacks,Mumbai,0.06282051282051282,0.06282051282051282,False
18,SKU001_Snacks,Kolkata,0.23371777476255087,0.23371777476255087,False
18,SKU002_Beverages,Mumbai,0.31335952848722987,0.31335952848722987,False
18,SKU002_Beverages,Kolkata,0.2375195007800312,0.2375195007800312,False
18,SKU003_Cheese,Mumbai,0.22898230088495575,0.22898230088495575,False
18,SKU003_Cheese,Kolkata,0.14437269372693726,0.14437269372693726,False
18,SKU004_Bakery,Mumbai,0.21722689075630253,0.21722689075630253,False
18,SKU004_Bakery,Kolkata,0.20461658841940533,0.20461658841940533,False
18,SKU005_Frozen,Mumbai,0.5287810383747178,0.5287810383747178,False
18,SKU005_Frozen,Kolkata,0.0128,0.0128,False
19,SKU001_Snacks,Mumbai,0.19047619047619047,0.19047619047619047,False
19,SKU001_Snacks,Kolkata,0.2264784946236559,0.2264784946236559,False
19,SKU002_Beverages,Mumbai,0.32615546218487396,0.32615546218487396,False
19,SKU002_Beverages,Kolkata,0.18885448916408668,0.18885448916408668,False
19,SKU003_Cheese,Mumbai,0.29215456674473067,0.29215456674473067,False
19,SKU003_Cheese,Kolkata,0.023316062176165803,0.023316062176165803,False
19,SKU004_Bakery,Mumbai,0.06790945406125166,0.06790945406125166,False
19,SKU004_Bakery,Kolkata,0.42321755027422303,0.42321755027422303,False
19,SKU005_Frozen,Mumbai,0.3123700623700624,0.3123700623700624,False
19,SKU005_Frozen,Kolkata,0.2219488188976378,0.2219488188976378,False
20,SKU001_Snacks,Mumbai,0.2226753670473083,0.2226753670473083,False
20,SKU001_Snacks,Kolkata,0.4152671755725191,0.4152671755725191,False
20,SKU002_Beverages,Mumbai,0.07871198568872988,0.07871198568872988,False
20,SKU002_Beverages,Kolkata,0.13636363636363635,0.13636363636363635,False
20,SKU003_Cheese,Mumbai,0.12551440329218108,0.12551440329218108,False
20,SKU003_Cheese,Kolkata,0.4235159817351598,0.4235159817351598,False
20,SKU004_Bakery,Mumbai,0.08175182481751825,0.08175182481751825,False
20,SKU004_Bakery,Kolkata,0.039084507042253525,0.039084507042253525,False
20,SKU005_Frozen,Mumbai,0.08718861209964412,0.08718861209964412,False
20,SKU005_Frozen,Kolkata,0.15205223880597016,0.15205223880597016,False
21,SKU001_Snacks,Mumbai,0.029367469879518073,0.029367469879518073,False
21,SKU001_Snacks,Kolkata,0.1405027932960894,0.1405027932960894,False
21,SKU002_Beverages,Mumbai,0.23578363384188628,0.23578363384188628,False
21,SKU002_Beverages,Kolkata,0.09465195246179967,0.09465195246179967,False
21,SKU003_Cheese,Mumbai,0.008568548387096774,0.008568548387096774,False
21,SKU003_Cheese,Kolkata,0.06460176991150443,0.06460176991150443,False
21,SKU004_Bakery,Mumbai,0.059926470588235296,0.059926470588235296,False
21,SKU004_Bakery,Kolkata,0.10616438356164383,0.10616438356164383,False
21,SKU005_Frozen,Mumbai,0.18830128205128205,0.18830128205128205,False
21,SKU005_Frozen,Kolkata,0.16561624649859943,0.16561624649859943,False
22,SKU001_Snacks,Mumbai,0.08346774193548387,0.08346774193548387,False
22,SKU001_Snacks,Kolkata,0.023986486486486488,0.023986486486486488,False
22,SKU002_Beverages,Mumbai,0.12750385208012327,0.12750385208012327,False
22,SKU002_Beverages,Kolkata,0.1585144927536232,0.1585144927536232,False
22,SKU003_Cheese,Mumbai,0.16604010025062657,0.16604010025062657,False
22,SKU003_Cheese,Kolkata,0.23488372093023255,0.23488372093023255,False
22,SKU004_Bakery,Mumbai,0.11288998357963875,0.11288998357963875,False
22,SKU004_Bakery,Kolkata,0.07096247960848287,0.07096247960848287,False
22,SKU005_Frozen,Mumbai,0.07215447154471545,0.07215447154471545,False
22,SKU005_Frozen,Kolkata,0.05256183745583039,0.05256183745583039,False
23,SKU001_Snacks,Mumbai,0.09491404011461319,0.09491404011461319,False
23,SKU001_Snacks,Kolkata,0.10407569141193596,0.10407569141193596,False
23,SKU002_Beverages,Mumbai,0.27925531914893614,0.27925531914893614,False
23,SKU002_Beverages,Kolkata,0.3189102564102564,0.3189102564102564,False
23,SKU003_Cheese,Mumbai,0.11056511056511056,0.11056511056511056,False
23,SKU003_Cheese,Kolkata,0.46647230320699706,0.46647230320699706,False
23,SKU004_Bakery,Mumbai,0.18684668989547037,0.18684668989547037,False
23,SKU004_Bakery,Kolkata,0.24521072796934865,0.24521072796934865,False
23,SKU005_Frozen,Mumbai,0.34600997506234416,0.34600997506234416,False
23,SKU005_Frozen,Kolkata,0.3932853717026379,0.3932853717026379,False
24,SKU001_Snacks,Mumbai,0.49670287044220324,0.27021916214119474,True
24,SKU001_Snacks,Kolkata,0.28368623676612126,0.03865495668912407,True
24,SKU002_Beverages,Mumbai,0.3058449074074074,0.00652488425925918,True
24,SKU002_Beverages,Kolkata,0.38939232409381663,0.11461886993603417,True
24,SKU003_Cheese,Mumbai,0.018223234624145785,0.47642369020501135,True
24,SKU003_Cheese,Kolkata,0.3051643192488263,0.007511737089201807,True
24,SKU004_Bakery,Mumbai,0.2850729517396184,0.03664421997755329,True
24,SKU004_Bakery,Kolkata,0.3530150753768844,0.06187185929648241,True
24,SKU005_Frozen,Mumbai,0.3310810810810811,0.030067567567567656,True
24,SKU005_Frozen,Kolkata,0.2712140992167102,0.056739556135770204,True
25,SKU001_Snacks,Mumbai,0.2797339593114241,0.2797339593114241,False
25,SKU001_Snacks,Kolkata,0.2320381231671554,0.2320381231671554,False
25,SKU002_Beverages,Mumbai,0.03048780487804878,0.03048780487804878,False
25,SKU002_Beverages,Kolkata,0.03668683812405446,0.03668683812405446,False
25,SKU003_Cheese,Mumbai,0.12177835051546392,0.12177835051546392,False
25,SKU003_Cheese,Kolkata,0.09833333333333333,0.09833333333333333,False
25,SKU004_Bakery,Mumbai,0.0503448275862069,0.0503448275862069,False
25,SKU004_Bakery,Kolkata,0.07518796992481203,0.07518796992481203,False
25,SKU005_Frozen,Mumbai,0.10076775431861804,0.10076775431861804,False
25,SKU005_Frozen,Kolkata,0.3415032679738562,0.3415032679738562,False
26,SKU001_Snacks,Mumbai,0.20400593471810088,0.20400593471810088,False
26,SKU001_Snacks,Kolkata,0.3476027397260274,0.3476027397260274,False
26,SKU002_Beverages,Mumbai,0.39482029598308666,0.39482029598308666,False
26,SKU002_Beverages,Kolkata,0.27631578947368424,0.27631578947368424,False
26,SKU003_Cheese,Mumbai,0.020625,0.020625,False
26,SKU003_Cheese,Kolkata,0.36911764705882355,0.36911764705882355,False
26,SKU004_Bakery,Mumbai,0.22333916083916083,0.22333916083916083,False
26,SKU004_Bakery,Kolkata,0.20891003460207613,0.20891003460207613,False
26,SKU005_Frozen,Mumbai,0.13641078838174273,0.13641078838174273,False
26,SKU005_Frozen,Kolkata,0.38,0.38,False
27,SKU001_Snacks,Mumbai,0.4891696750902527,0.4891696750902527,False
27,SKU001_Snacks,Kolkata,0.5296523517382413,0.5296523517382413,False
27,SKU002_Beverages,Mumbai,0.4766187050359712,0.4766187050359712,False
27,SKU002_Beverages,Kolkata,0.5467625899280576,0.5467625899280576,False
27,SKU003_Cheese,Mumbai,0.04475703324808184,0.04475703324808184,False
27,SKU003_Cheese,Kolkata,0.5821428571428572,0.5821428571428572,False
27,SKU004_Bakery,Mumbai,0.5764840182648402,0.5764840182648402,False
27,SKU004_Bakery,Kolkata,0.4375,0.4375,False
27,SKU005_Frozen,Mumbai,0.39807692307692305,0.39807692307692305,False
27,SKU005_Frozen,Kolkata,0.30562659846547313,0.30562659846547313,False
28,SKU001_Snacks,Mumbai,0.20642201834862386,0.20642201834862386,False
28,SKU001_Snacks,Kolkata,0.2517921146953405,0.2517921146953405,False
28,SKU002_Beverages,Mumbai,0.4448441247002398,0.4448441247002398,False
28,SKU002_Beverages,Kolkata,0.23486328125,0.23486328125,False
28,SKU003_Cheese,Mumbai,0.11098901098901098,0.11098901098901098,False
28,SKU003_Cheese,Kolkata,0.014845605700712588,0.014845605700712588,False
28,SKU004_Bakery,Mumbai,0.3425357873210634,0.3425357873210634,False
28,SKU004_Bakery,Kolkata,0.38391038696537677,0.38391038696537677,False
28,SKU005_Frozen,Mumbai,0.6439393939393939,0.6439393939393939,False
28,SKU005_Frozen,Kolkata,0.34759358288770054,0.34759358288770054,False
29,SKU001_Snacks,Mumbai,0.21435452793834298,0.21435452793834298,False
29,SKU001_Snacks,Kolkata,0.0748,0.0748,False
29,SKU002_Beverages,Mumbai,0.0912037037037037,0.0912037037037037,False
29,SKU002_Beverages,Kolkata,0.0950946643717728,0.0950946643717728,False
29,SKU003_Cheese,Mumbai,0.16381766381766383,0.16381766381766383,False
29,SKU003_Cheese,Kolkata,0.0750620347394541,0.0750620347394541,False
29,SKU004_Bakery,Mumbai,0.08401976935749589,0.08401976935749589,False
29,SKU004_Bakery,Kolkata,0.04238754325259515,0.04238754325259515,False
29,SKU005_Frozen,Mumbai,0.053178484107579464,0.053178484107579464,False
29,SKU005_Frozen,Kolkata,0.1076923076923077,0.1076923076923077,False
30,SKU001_Snacks,Mumbai,0.21754563894523327,0.21754563894523327,False
30,SKU001_Snacks,Kolkata,0.11242603550295859,0.11242603550295859,False
30,SKU002_Beverages,Mumbai,0.07092555331991952,0.07092555331991952,False
30,SKU002_Beverages,Kolkata,0.3705962059620596,0.3705962059620596,False
30,SKU003_Cheese,Mumbai,0.06466666666666666,0.06466666666666666,False
30,SKU003_Cheese,Kolkata,0.1875,0.1875,False
30,SKU004_Bakery,Mumbai,0.1965909090909091,0.1965909090909091,False
30,SKU004_Bakery,Kolkata,0.009776536312849162,0.009776536312849162,False
30,SKU005_Frozen,Mumbai,0.0341726618705036,0.0341726618705036,False
30,SKU005_Frozen,Kolkata,0.07954545454545454,0.07954545454545454,False
31,SKU001_Snacks,Mumbai,0.16352201257861634,0.16352201257861634,False
31,SKU001_Snacks,Kolkata,0.1664882226980728,0.1664882226980728,False
31,SKU002_Beverages,Mumbai,0.34410919540229884,0.34410919540229884,False
31,SKU002_Beverages,Kolkata,0.18623737373737373,0.18623737373737373,False
31,SKU003_Cheese,Mumbai,0.0947075208913649,0.0947075208913649,False
31,SKU003_Cheese,Kolkata,0.023255813953488372,0.023255813953488372,False
31,SKU004_Bakery,Mumbai,0.359504132231405,0.359504132231405,False
31,SKU004_Bakery,Kolkata,0.24760765550239233,0.24760765550239233,False
31,SKU005_Frozen,Mumbai,0.20031055900621117,0.20031055900621117,False
31,SKU005_Frozen,Kolkata,0.3258785942492013,0.3258785942492013,False
32,SKU001_Snacks,Mumbai,0.4208108108108108,0.1601756756756757,True
32,SKU001_Snacks,Kolkata,0.3773094688221709,0.09709872979214779,True
32,SKU002_Beverages,Mumbai,0.2165217391304348,0.1360434782608696,True
32,SKU002_Beverages,Kolkata,0.0010775862068965517,0.4515625,True
32,SKU003_Cheese,Mumbai,0.04904632152588556,0.521117166212534,True
32,SKU003_Cheese,Kolkata,0.28125,0.042187500000000044,True
32,SKU004_Bakery,Mumbai,0.18427835051546393,0.1827963917525772,True
32,SKU004_Bakery,Kolkata,0.4639830508474576,0.22277542372881362,True
32,SKU005_Frozen,Mumbai,0.22046413502109705,0.13032700421940924,True
32,SKU005_Frozen,Kolkata,0.29500891265597146,0.022237076648841395,True
33,SKU001_Snacks,Mumbai,0.3263736263736264,0.3263736263736264,False
33,SKU001_Snacks,Kolkata,0.12866300366300365,0.12866300366300365,False
33,SKU002_Beverages,Mumbai,0.10609480812641084,0.10609480812641084,False
33,SKU002_Beverages,Kolkata,0.19393139841688653,0.19393139841688653,False
33,SKU003_Cheese,Mumbai,0.08682634730538923,0.08682634730538923,False
33,SKU003_Cheese,Kolkata,0.2444267515923567,0.2444267515923567,False
33,SKU004_Bakery,Mumbai,0.12937062937062938,0.12937062937062938,False
33,SKU004_Bakery,Kolkata,0.6126302083333334,0.6126302083333334,False
33,SKU005_Frozen,Mumbai,0.1673511293634497,0.1673511293634497,False
33,SKU005_Frozen,Kolkata,0.04304245283018868,0.04304245283018868,False
34,SKU001_Snacks,Mumbai,0.32319819819819817,0.32319819819819817,False
34,SKU001_Snacks,Kolkata,0.2745726495726496,0.2745726495726496,False
34,SKU002_Beverages,Mumbai,0.49278846153846156,0.49278846153846156,False
34,SKU002_Beverages,Kolkata,0.23692307692307693,0.23692307692307693,False
34,SKU003_Cheese,Mumbai,0.1879139072847682,0.1879139072847682,False
34,SKU003_Cheese,Kolkata,0.05994897959183673,0.05994897959183673,False
34,SKU004_Bakery,Mumbai,0.2110148514851485,0.2110148514851485,False
34,SKU004_Bakery,Kolkata,0.16242362525458248,0.16242362525458248,False
34,SKU005_Frozen,Mumbai,0.11842105263157894,0.11842105263157894,False
34,SKU005_Frozen,Kolkata,0.3663522012578616,0.3663522012578616,False
35,SKU001_Snacks,Mumbai,0.576027397260274,0.576027397260274,False
35,SKU001_Snacks,Kolkata,0.7834346504559271,0.7834346504559271,False
35,SKU002_Beverages,Mumbai,0.23020527859237536,0.23020527859237536,False
35,SKU002_Beverages,Kolkata,0.2532051282051282,0.2532051282051282,False
35,SKU003_Cheese,Mumbai,0.27052238805970147,0.27052238805970147,False
35,SKU003_Cheese,Kolkata,0.4791666666666667,0.4791666666666667,False
35,SKU004_Bakery,Mumbai,0.5343450479233227,0.5343450479233227,False
35,SKU004_Bakery,Kolkata,0.611671469740634,0.611671469740634,False
35,SKU005_Frozen,Mumbai,0.9427570093457944,0.9427570093457944,False
35,SKU005_Frozen,Kolkata,0.06878306878306878,0.06878306878306878,False
36,SKU001_Snacks,Mumbai,0.24942922374429224,0.24942922374429224,False
36,SKU001_Snacks,Kolkata,0.3469512195121951,0.3469512195121951,False
36,SKU002_Beverages,Mumbai,0.4606643356643357,0.4606643356643357,False
36,SKU002_Beverages,Kolkata,0.1935483870967742,0.1935483870967742,False
36,SKU003_Cheese,Mumbai,0.07630813953488372,0.07630813953488372,False
36,SKU003_Cheese,Kolkata,0.4305019305019305,0.4305019305019305,False
36,SKU004_Bakery,Mumbai,0.2540214477211796,0.2540214477211796,False
36,SKU004_Bakery,Kolkata,0.25638051044083526,0.25638051044083526,False
36,SKU005_Frozen,Mumbai,0.30892255892255893,0.30892255892255893,False
36,SKU005_Frozen,Kolkata,0.004146919431279621,0.004146919431279621,False
37,SKU001_Snacks,Mumbai,0.17217898832684825,0.17217898832684825,False
37,SKU001_Snacks,Kolkata,0.1854089219330855,0.1854089219330855,False
37,SKU002_Beverages,Mumbai,0.11182519280205655,0.11182519280205655,False
37,SKU002_Beverages,Kolkata,0.007598784194528876,0.007598784194528876,False
37,SKU003_Cheese,Mumbai,0.2140077821011673,0.2140077821011673,False
37,SKU003_Cheese,Kolkata,0.10125448028673835,0.10125448028673835,False
37,SKU004_Bakery,Mumbai,0.12601626016260162,0.12601626016260162,False
37,SKU004_Bakery,Kolkata,0.06925675675675676,0.06925675675675676,False
37,SKU005_Frozen,Mumbai,0.2572992700729927,0.2572992700729927,False
37,SKU005_Frozen,Kolkata,0.11784897025171624,0.11784897025171624,False
38,SKU001_Snacks,Mumbai,0.09039256198347108,0.09039256198347108,False
38,SKU001_Snacks,Kolkata,0.10164141414141414,0.10164141414141414,False
38,SKU002_Beverages,Mumbai,0.1773049645390071,0.1773049645390071,False
38,SKU002_Beverages,Kolkata,0.030395136778115502,0.030395136778115502,False
38,SKU003_Cheese,Mumbai,0.01097972972972973,0.01097972972972973,False
38,SKU003_Cheese,Kolkata,0.166015625,0.166015625,False
38,SKU004_Bakery,Mumbai,0.08234421364985163,0.08234421364985163,False
38,SKU004_Bakery,Kolkata,0.21661931818181818,0.21661931818181818,False
38,SKU005_Frozen,Mumbai,0.012711864406779662,0.012711864406779662,False
38,SKU005_Frozen,Kolkata,0.30453020134228187,0.30453020134228187,False
39,SKU001_Snacks,Mumbai,0.3440298507462687,0.3440298507462687,False
39,SKU001_Snacks,Kolkata,0.12432795698924731,0.12432795698924731,False
39,SKU002_Beverages,Mumbai,0.00764525993883792,0.00764525993883792,False
39,SKU002_Beverages,Kolkata,0.06705539358600583,0.06705539358600583,False
39,SKU003_Cheese,Mumbai,0.25538793103448276,0.25538793103448276,False
39,SKU003_Cheese,Kolkata,0.23598130841121495,0.23598130841121495,False
39,SKU004_Bakery,Mumbai,0.3132075471698113,0.3132075471698113,False
39,SKU004_Bakery,Kolkata,0.05779569892473118,0.05779569892473118,False
39,SKU005_Frozen,Mumbai,0.015037593984962405,0.015037593984962405,False
39,SKU005_Frozen,Kolkata,0.34178321678321677,0.34178321678321677,False
40,SKU001_Snacks,Mumbai,0.2669701986754967,0.06289321192052973,True
40,SKU001_Snacks,Kolkata,0.46971569839307786,0.23108776266996298,True
40,SKU002_Beverages,Mumbai,0.431858407079646,0.17619469026548676,True
40,SKU002_Beverages,Kolkata,0.3157620041753653,0.007854906054279727,True
40,SKU003_Cheese,Mumbai,0.17711370262390672,0.19318513119533523,True
40,SKU003_Cheese,Kolkata,0.4716981132075472,0.23396226415094346,True
40,SKU004_Bakery,Mumbai,0.35135135135135137,0.059459459459459484,True
40,SKU004_Bakery,Kolkata,0.34681372549019607,0.052879901960784424,True
40,SKU005_Frozen,Mumbai,0.22038567493112948,0.13044077134986218,True
40,SKU005_Frozen,Kolkata,0.4725877192982456,0.23525219298245617,True
41,SKU001_Snacks,Mumbai,0.07409177820267686,0.07409177820267686,False
41,SKU001_Snacks,Kolkata,0.02981651376146789,0.02981651376146789,False
41,SKU002_Beverages,Mumbai,0.15786637931034483,0.15786637931034483,False
41,SKU002_Beverages,Kolkata,0.08188585607940446,0.08188585607940446,False
41,SKU003_Cheese,Mumbai,0.13496932515337423,0.13496932515337423,False
41,SKU003_Cheese,Kolkata,0.04607508532423208,0.04607508532423208,False
41,SKU004_Bakery,Mumbai,0.31192236598890943,0.31192236598890943,False
41,SKU004_Bakery,Kolkata,0.03009259259259259,0.03009259259259259,False
41,SKU005_Frozen,Mumbai,0.008417508417508417,0.008417508417508417,False
41,SKU005_Frozen,Kolkata,0.09575835475578406,0.09575835475578406,False
42,SKU001_Snacks,Mumbai,0.31842818428184283,0.31842818428184283,False
42,SKU001_Snacks,Kolkata,0.2365967365967366,0.2365967365967366,False
42,SKU002_Beverages,Mumbai,0.17,0.17,False
42,SKU002_Beverages,Kolkata,0.04716981132075472,0.04716981132075472,False
42,SKU003_Cheese,Mumbai,0.16176470588235295,0.16176470588235295,False
42,SKU003_Cheese,Kolkata,0.06164383561643835,0.06164383561643835,False
42,SKU004_Bakery,Mumbai,0.1921206225680934,0.1921206225680934,False
42,SKU004_Bakery,Kolkata,0.43042071197411,0.43042071197411,False
42,SKU005_Frozen,Mumbai,0.25910194174757284,0.25910194174757284,False
42,SKU005_Frozen,Kolkata,0.21480938416422288,0.21480938416422288,False
43,SKU001_Snacks,Mumbai,0.34237536656891493,0.34237536656891493,False
43,SKU001_Snacks,Kolkata,0.4882596685082873,0.4882596685082873,False
43,SKU002_Beverages,Mumbai,0.41225165562913907,0.41225165562913907,False
43,SKU002_Beverages,Kolkata,0.11142061281337047,0.11142061281337047,False
43,SKU003_Cheese,Mumbai,0.13949275362318841,0.13949275362318841,False
43,SKU003_Cheese,Kolkata,0.10393258426966293,0.10393258426966293,False
43,SKU004_Bakery,Mumbai,0.3594674556213018,0.3594674556213018,False
43,SKU004_Bakery,Kolkata,0.05698529411764706,0.05698529411764706,False
43,SKU005_Frozen,Mumbai,0.18197879858657243,0.18197879858657243,False
43,SKU005_Frozen,Kolkata,0.4261744966442953,0.4261744966442953,False
44,SKU001_Snacks,Mumbai,0.05091533180778032,0.05091533180778032,False
44,SKU001_Snacks,Kolkata,0.41490765171503957,0.41490765171503957,False
44,SKU002_Beverages,Mumbai,0.148224043715847,0.148224043715847,False
44,SKU002_Beverages,Kolkata,0.11019283746556474,0.11019283746556474,False
44,SKU003_Cheese,Mumbai,0.26653696498054474,0.26653696498054474,False
44,SKU003_Cheese,Kolkata,0.012534818941504178,0.012534818941504178,False
44,SKU004_Bakery,Mumbai,0.10590277777777778,0.10590277777777778,False
44,SKU004_Bakery,Kolkata,0.2507102272727273,0.2507102272727273,False
44,SKU005_Frozen,Mumbai,0.12240932642487047,0.12240932642487047,False
44,SKU005_Frozen,Kolkata,0.3048780487804878,0.3048780487804878,False
45,SKU001_Snacks,Mumbai,0.27391304347826084,0.27391304347826084,False
45,SKU001_Snacks,Kolkata,0.07196969696969698,0.07196969696969698,False
45,SKU002_Beverages,Mumbai,0.26633663366336635,0.26633663366336635,False
45,SKU002_Beverages,Kolkata,0.17802197802197803,0.17802197802197803,False
45,SKU003_Cheese,Mumbai,0.1532033426183844,0.1532033426183844,False
45,SKU003_Cheese,Kolkata,0.018808777429467086,0.018808777429467086,False
45,SKU004_Bakery,Mumbai,0.207010582010582,0.207010582010582,False
45,SKU004_Bakery,Kolkata,0.21985446985446985,0.21985446985446985,False
45,SKU005_Frozen,Mumbai,0.024079320113314446,0.024079320113314446,False
45,SKU005_Frozen,Kolkata,0.02727272727272727,0.02727272727272727,False
46,SKU001_Snacks,Mumbai,0.0708955223880597,0.0708955223880597,False
46,SKU001_Snacks,Kolkata,0.24861878453038674,0.24861878453038674,False
46,SKU002_Beverages,Mumbai,0.13656716417910447,0.13656716417910447,False
46,SKU002_Beverages,Kolkata,0.017766497461928935,0.017766497461928935,False
46,SKU003_Cheese,Mumbai,0.027258566978193146,0.027258566978193146,False
46,SKU003_Cheese,Kolkata,0.12532981530343007,0.12532981530343007,False
46,SKU004_Bakery,Mumbai,0.04041570438799076,0.04041570438799076,False
46,SKU004_Bakery,Kolkata,0.16666666666666666,0.16666666666666666,False
46,SKU005_Frozen,Mumbai,0.04824561403508772,0.04824561403508772,False
46,SKU005_Frozen,Kolkata,0.060144927536231886,0.060144927536231886,False
47,SKU001_Snacks,Mumbai,0.1515748031496063,0.1515748031496063,False
47,SKU001_Snacks,Kolkata,0.09673366834170855,0.09673366834170855,False
47,SKU002_Beverages,Mumbai,0.04314720812182741,0.04314720812182741,False
47,SKU002_Beverages,Kolkata,0.05294906166219839,0.05294906166219839,False
47,SKU003_Cheese,Mumbai,0.14817415730337077,0.14817415730337077,False
47,SKU003_Cheese,Kolkata,0.3180970149253731,0.3180970149253731,False
47,SKU004_Bakery,Mumbai,0.1661392405063291,0.1661392405063291,False
47,SKU004_Bakery,Kolkata,0.2581120943952802,0.2581120943952802,False
47,SKU005_Frozen,Mumbai,0.014450867052023121,0.014450867052023121,False
47,SKU005_Frozen,Kolkata,0.18704379562043796,0.18704379562043796,False
48,SKU001_Snacks,Mumbai,0.2545681063122924,0.08087624584717608,True
48,SKU001_Snacks,Kolkata,0.36538461538461536,0.07980769230769227,True
48,SKU002_Beverages,Mumbai,0.2945326278659612,0.02292768959435626,True
48,SKU002_Beverages,Kolkata,0.49522292993630573,0.2680732484076433,True
48,SKU003_Cheese,Mumbai,0.45672268907563024,0.2122478991596639,True
48,SKU003_Cheese,Kolkata,0.49038461538461536,0.2610576923076923,True
48,SKU004_Bakery,Mumbai,0.3132,0.004139999999999964,True
48,SKU004_Bakery,Kolkata,0.360546875,0.07279296874999996,True
48,SKU005_Frozen,Mumbai,0.5159430122116689,0.29811736770691993,True
48,SKU005_Frozen,Kolkata,0.42580935251798563,0.1674235611510792,True
49,SKU001_Snacks,Mumbai,0.07196969696969698,0.07196969696969698,False
49,SKU001_Snacks,Kolkata,0.01201923076923077,0.01201923076923077,False
49,SKU002_Beverages,Mumbai,0.1485969387755102,0.1485969387755102,False
49,SKU002_Beverages,Kolkata,0.04428571428571428,0.04428571428571428,False
49,SKU003_Cheese,Mumbai,0.07748868778280543,0.07748868778280543,False
49,SKU003_Cheese,Kolkata,0.02278481012658228,0.02278481012658228,False
49,SKU004_Bakery,Mumbai,0.16180048661800486,0.16180048661800486,False
49,SKU004_Bakery,Kolkata,0.24921996879875194,0.24921996879875194,False
49,SKU005_Frozen,Mumbai,0.19168900804289543,0.19168900804289543,False
49,SKU005_Frozen,Kolkata,0.17125550660792951,0.17125550660792951,False
50,SKU001_Snacks,Mumbai,0.07673745173745174,0.07673745173745174,False
50,SKU001_Snacks,Kolkata,0.001388888888888889,0.001388888888888889,False
50,SKU002_Beverages,Mumbai,0.17898832684824903,0.17898832684824903,False
50,SKU002_Beverages,Kolkata,0.08743409490333919,0.08743409490333919,False
50,SKU003_Cheese,Mumbai,0.017814726840855107,0.017814726840855107,False
50,SKU003_Cheese,Kolkata,0.0023584905660377358,0.0023584905660377358,False
50,SKU004_Bakery,Mumbai,0.11923963133640553,0.11923963133640553,False
50,SKU004_Bakery,Kolkata,0.006274131274131274,0.006274131274131274,False
50,SKU005_Frozen,Mumbai,0.10458167330677291,0.10458167330677291,False
50,SKU005_Frozen,Kolkata,0.11467391304347826,0.11467391304347826,False
51,SKU001_Snacks,Mumbai,0.16844262295081966,0.16844262295081966,False
51,SKU001_Snacks,Kolkata,0.019963702359346643,0.019963702359346643,False
51,SKU002_Beverages,Mumbai,0.03263274336283186,0.03263274336283186,False
51,SKU002_Beverages,Kolkata,0.268018018018018,0.268018018018018,False
51,SKU003_Cheese,Mumbai,0.33775811209439527,0.33775811209439527,False
51,SKU003_Cheese,Kolkata,0.085625,0.085625,False
51,SKU004_Bakery,Mumbai,0.02531645569620253,0.02531645569620253,False
51,SKU004_Bakery,Kolkata,0.050621669626998225,0.050621669626998225,False
51,SKU005_Frozen,Mumbai,0.15176470588235294,0.15176470588235294,False
51,SKU005_Frozen,Kolkata,0.11794871794871795,0.11794871794871795,False
52,SKU001_Snacks,Mumbai,0.016550522648083623,0.016550522648083623,False
52,SKU001_Snacks,Kolkata,0.0808411214953271,0.0808411214953271,False
52,SKU002_Beverages,Mumbai,0.18293718166383702,0.18293718166383702,False
52,SKU002_Beverages,Kolkata,0.1949588477366255,0.1949588477366255,False
52,SKU003_Cheese,Mumbai,0.1038083538083538,0.1038083538083538,False
52,SKU003_Cheese,Kolkata,0.33882521489971346,0.33882521489971346,False
52,SKU004_Bakery,Mumbai,0.2884333821376281,0.2884333821376281,False
52,SKU004_Bakery,Kolkata,0.24054621848739496,0.24054621848739496,False
52,SKU005_Frozen,Mumbai,0.07663847780126849,0.07663847780126849,False
52,SKU005_Frozen,Kolkata,0.10919540229885058,0.10919540229885058,False
53,SKU001_Snacks,Mumbai,0.05668358714043993,0.05668358714043993,False
53,SKU001_Snacks,Kolkata,0.30595084087968955,0.30595084087968955,False
53,SKU002_Beverages,Mumbai,0.11660617059891107,0.11660617059891107,False
53,SKU002_Beverages,Kolkata,0.052434456928838954,0.052434456928838954,False
53,SKU003_Cheese,Mumbai,0.07951945080091533,0.07951945080091533,False
53,SKU003_Cheese,Kolkata,0.22376237623762377,0.22376237623762377,False
53,SKU004_Bakery,Mumbai,0.24051593323216997,0.24051593323216997,False
53,SKU004_Bakery,Kolkata,0.08263772954924875,0.08263772954924875,False
53,SKU005_Frozen,Mumbai,0.19990974729241878,0.19990974729241878,False
53,SKU005_Frozen,Kolkata,0.054865424430641824,0.054865424430641824,False
54,SKU001_Snacks,Mumbai,0.2016016713091922,0.2016016713091922,False
54,SKU001_Snacks,Kolkata,0.06726283048211508,0.06726283048211508,False
54,SKU002_Beverages,Mumbai,0.006692160611854685,0.006692160611854685,False
54,SKU002_Beverages,Kolkata,0.0825812274368231,0.0825812274368231,False
54,SKU003_Cheese,Mumbai,0.11479028697571744,0.11479028697571744,False
54,SKU003_Cheese,Kolkata,0.19636015325670497,0.19636015325670497,False
54,SKU004_Bakery,Mumbai,0.0625,0.0625,False
54,SKU004_Bakery,Kolkata,0.09715242881072027,0.09715242881072027,False
54,SKU005_Frozen,Mumbai,0.09284116331096197,0.09284116331096197,False
54,SKU005_Frozen,Kolkata,0.047741273100616016,0.047741273100616016,False
55,SKU001_Snacks,Mumbai,0.051011804384485666,0.051011804384485666,False
55,SKU001_Snacks,Kolkata,0.15013586956521738,0.15013586956521738,False
55,SKU002_Beverages,Mumbai,0.17239467849223947,0.17239467849223947,False
55,SKU002_Beverages,Kolkata,0.08029978586723768,0.08029978586723768,False
55,SKU003_Cheese,Mumbai,0.02386634844868735,0.02386634844868735,False
55,SKU003_Cheese,Kolkata,0.08264462809917356,0.08264462809917356,False
55,SKU004_Bakery,Mumbai,0.045813586097946286,0.045813586097946286,False
55,SKU004_Bakery,Kolkata,0.1379837067209776,0.1379837067209776,False
55,SKU005_Frozen,Mumbai,0.03701825557809331,0.03701825557809331,False
55,SKU005_Frozen,Kolkata,0.2157622739018088,0.2157622739018088,False
56,SKU001_Snacks,Mumbai,0.3791374122367101,0.09974924774322974,True
56,SKU001_Snacks,Kolkata,0.3865296803652968,0.11046803652968035,True
56,SKU002_Beverages,Mumbai,0.41212458286985537,0.1475806451612904,True
56,SKU002_Beverages,Kolkata,0.4471830985915493,0.19841549295774652,True
56,SKU003_Cheese,Mumbai,0.36065573770491804,0.07295081967213121,True
56,SKU003_Cheese,Kolkata,0.0935672514619883,0.31432748538011696,True
56,SKU004_Bakery,Mumbai,0.3158873538788523,0.008036663124335814,True
56,SKU004_Bakery,Kolkata,0.411588683351469,0.14680359085963005,True
56,SKU005_Frozen,Mumbai,0.48722627737226276,0.256478102189781,True
56,SKU005_Frozen,Kolkata,0.09489402697495183,0.3124036608863197,True
57,SKU001_Snacks,Mumbai,0.12995198079231693,0.12995198079231693,False
57,SKU001_Snacks,Kolkata,0.15305397727272727,0.15305397727272727,False
57,SKU002_Beverages,Mumbai,0.1348314606741573,0.1348314606741573,False
57,SKU002_Beverages,Kolkata,0.13598326359832635,0.13598326359832635,False
57,SKU003_Cheese,Mumbai,0.014344262295081968,0.014344262295081968,False
57,SKU003_Cheese,Kolkata,0.05065666041275797,0.05065666041275797,False
57,SKU004_Bakery,Mumbai,0.060254491017964075,0.060254491017964075,False
57,SKU004_Bakery,Kolkata,0.12196765498652291,0.12196765498652291,False
57,SKU005_Frozen,Mumbai,0.06374045801526718,0.06374045801526718,False
57,SKU005_Frozen,Kolkata,0.32127351664254705,0.32127351664254705,False
58,SKU001_Snacks,Mumbai,0.01102015113350126,0.01102015113350126,False
58,SKU001_Snacks,Kolkata,0.14316546762589927,0.14316546762589927,False
58,SKU002_Beverages,Mumbai,0.013524590163934426,0.013524590163934426,False
58,SKU002_Beverages,Kolkata,0.2647338403041825,0.2647338403041825,False
58,SKU003_Cheese,Mumbai,0.14616252821670428,0.14616252821670428,False
58,SKU003_Cheese,Kolkata,0.13490725126475547,0.13490725126475547,False
58,SKU004_Bakery,Mumbai,0.23780487804878048,0.23780487804878048,False
58,SKU004_Bakery,Kolkata,0.08914421553090333,0.08914421553090333,False
58,SKU005_Frozen,Mumbai,0.09707903780068729,0.09707903780068729,False
58,SKU005_Frozen,Kolkata,0.015122873345935728,0.015122873345935728,False
59,SKU001_Snacks,Mumbai,0.16896802325581395,0.16896802325581395,False
59,SKU001_Snacks,Kolkata,0.2656739811912226,0.2656739811912226,False
59,SKU002_Beverages,Mumbai,0.09194395796847636,0.09194395796847636,False
59,SKU002_Beverages,Kolkata,0.024814814814814814,0.024814814814814814,False
59,SKU003_Cheese,Mumbai,0.29884318766066836,0.29884318766066836,False
59,SKU003_Cheese,Kolkata,0.07876016260162602,0.07876016260162602,False
59,SKU004_Bakery,Mumbai,0.2117039586919105,0.2117039586919105,False
59,SKU004_Bakery,Kolkata,0.04429945054945055,0.04429945054945055,False
59,SKU005_Frozen,Mumbai,0.46141304347826084,0.46141304347826084,False
59,SKU005_Frozen,Kolkata,0.04420432220039293,0.04420432220039293,False
60,SKU001_Snacks,Mumbai,0.13114754098360656,0.13114754098360656,False
60,SKU001_Snacks,Kolkata,0.08847497089639116,0.08847497089639116,False
60,SKU002_Beverages,Mumbai,0.08195364238410596,0.08195364238410596,False
60,SKU002_Beverages,Kolkata,0.2843580470162749,0.2843580470162749,False
60,SKU003_Cheese,Mumbai,0.08333333333333333,0.08333333333333333,False
60,SKU003_Cheese,Kolkata,0.020593869731800767,0.020593869731800767,False
60,SKU004_Bakery,Mumbai,0.011444921316165951,0.011444921316165951,False
60,SKU004_Bakery,Kolkata,0.23366013071895425,0.23366013071895425,False
60,SKU005_Frozen,Mumbai,0.4466230936819172,0.4466230936819172,False
60,SKU005_Frozen,Kolkata,0.10651828298887123,0.10651828298887123,False
61,SKU001_Snacks,Mumbai,0.07889963724304716,0.07889963724304716,False
61,SKU001_Snacks,Kolkata,0.24896265560165975,0.24896265560165975,False
61,SKU002_Beverages,Mumbai,0.19813278008298754,0.19813278008298754,False
61,SKU002_Beverages,Kolkata,0.0625948406676783,0.0625948406676783,False
61,SKU003_Cheese,Mumbai,0.26421800947867297,0.26421800947867297,False
61,SKU003_Cheese,Kolkata,0.022944550669216062,0.022944550669216062,False
61,SKU004_Bakery,Mumbai,0.06868537666174299,0.06868537666174299,False
61,SKU004_Bakery,Kolkata,0.12933247753530167,0.12933247753530167,False
61,SKU005_Frozen,Mumbai,0.11202635914332784,0.11202635914332784,False
61,SKU005_Frozen,Kolkata,0.06279809220985691,0.06279809220985691,False
62,SKU001_Snacks,Mumbai,0.15015128593040847,0.15015128593040847,False
62,SKU001_Snacks,Kolkata,0.10136674259681093,0.10136674259681093,False
62,SKU002_Beverages,Mumbai,0.06451612903225806,0.06451612903225806,False
62,SKU002_Beverages,Kolkata,0.0020764119601328905,0.0020764119601328905,False
62,SKU003_Cheese,Mumbai,0.0546218487394958,0.0546218487394958,False
62,SKU003_Cheese,Kolkata,0.05752212389380531,0.05752212389380531,False
62,SKU004_Bakery,Mumbai,0.2476218787158145,0.2476218787158145,False
62,SKU004_Bakery,Kolkata,0.026119402985074626,0.026119402985074626,False
62,SKU005_Frozen,Mumbai,0.08188153310104529,0.08188153310104529,False
62,SKU005_Frozen,Kolkata,0.05904059040590406,0.05904059040590406,False
63,SKU001_Snacks,Mumbai,0.06435006435006435,0.06435006435006435,False
63,SKU001_Snacks,Kolkata,0.06473214285714286,0.06473214285714286,False
63,SKU002_Beverages,Mumbai,0.044930875576036866,0.044930875576036866,False
63,SKU002_Beverages,Kolkata,0.09166666666666666,0.09166666666666666,False
63,SKU003_Cheese,Mumbai,0.010396039603960397,0.010396039603960397,False
63,SKU003_Cheese,Kolkata,0.03930530164533821,0.03930530164533821,False
63,SKU004_Bakery,Mumbai,0.16003316749585406,0.16003316749585406,False
63,SKU004_Bakery,Kolkata,0.06409395973154362,0.06409395973154362,False
63,SKU005_Frozen,Mumbai,0.05,0.05,False
63,SKU005_Frozen,Kolkata,0.005662020905923345,0.005662020905923345,False
64,SKU001_Snacks,Mumbai,0.33518189884649513,0.036013753327418005,True
64,SKU001_Snacks,Kolkata,0.07164821648216482,0.553889913899139,True
64,SKU002_Beverages,Mumbai,0.5017468944099379,0.2775329968944099,True
64,SKU002_Beverages,Kolkata,0.4241545893719807,0.16502415458937206,True
64,SKU003_Cheese,Mumbai,0.39136568848758463,0.11748024830699771,True
64,SKU003_Cheese,Kolkata,0.19152923538230884,0.1722826086956522,True
64,SKU004_Bakery,Mumbai,0.03070175438596491,0.49451754385964913,True
64,SKU004_Bakery,Kolkata,0.37421944692239073,0.09261819803746658,True
64,SKU005_Frozen,Mumbai,0.16536661466458658,0.21021840873634945,True
64,SKU005_Frozen,Kolkata,0.34492273730684325,0.05013796909492281,True
65,SKU001_Snacks,Mumbai,0.14688128772635814,0.14688128772635814,False
65,SKU001_Snacks,Kolkata,0.05418041804180418,0.05418041804180418,False
65,SKU002_Beverages,Mumbai,0.4436056838365897,0.4436056838365897,False
65,SKU002_Beverages,Kolkata,0.061481481481481484,0.061481481481481484,False
65,SKU003_Cheese,Mumbai,0.1322463768115942,0.1322463768115942,False
65,SKU003_Cheese,Kolkata,0.04718543046357616,0.04718543046357616,False
65,SKU004_Bakery,Mumbai,0.20402951191827468,0.20402951191827468,False
65,SKU004_Bakery,Kolkata,0.3051181102362205,0.3051181102362205,False
65,SKU005_Frozen,Mumbai,0.004288164665523156,0.004288164665523156,False
65,SKU005_Frozen,Kolkata,0.14267241379310344,0.14267241379310344,False
66,SKU001_Snacks,Mumbai,0.22724137931034483,0.22724137931034483,False
66,SKU001_Snacks,Kolkata,0.20857142857142857,0.20857142857142857,False
66,SKU002_Beverages,Mumbai,0.015440210249671484,0.015440210249671484,False
66,SKU002_Beverages,Kolkata,0.02781740370898716,0.02781740370898716,False
66,SKU003_Cheese,Mumbai,0.14319470699432893,0.14319470699432893,False
66,SKU003_Cheese,Kolkata,0.10734200743494424,0.10734200743494424,False
66,SKU004_Bakery,Mumbai,0.2036,0.2036,False
66,SKU004_Bakery,Kolkata,0.057,0.057,False
66,SKU005_Frozen,Mumbai,0.1264705882352941,0.1264705882352941,False
66,SKU005_Frozen,Kolkata,0.16160714285714287,0.16160714285714287,False
67,SKU001_Snacks,Mumbai,0.44227707006369427,0.44227707006369427,False
67,SKU001_Snacks,Kolkata,0.11629526462395544,0.11629526462395544,False
67,SKU002_Beverages,Mumbai,0.6994791666666667,0.6994791666666667,False
67,SKU002_Beverages,Kolkata,0.18481717011128776,0.18481717011128776,False
67,SKU003_Cheese,Mumbai,0.21653543307086615,0.21653543307086615,False
67,SKU003_Cheese,Kolkata,0.6270718232044199,0.6270718232044199,False
67,SKU004_Bakery,Mumbai,0.10833333333333334,0.10833333333333334,False
67,SKU004_Bakery,Kolkata,0.24654907975460122,0.24654907975460122,False
67,SKU005_Frozen,Mumbai,0.26643990929705214,0.26643990929705214,False
67,SKU005_Frozen,Kolkata,0.18659420289855072,0.18659420289855072,False
68,SKU001_Snacks,Mumbai,0.013418903150525088,0.013418903150525088,False
68,SKU001_Snacks,Kolkata,0.03289473684210526,0.03289473684210526,False
68,SKU002_Beverages,Mumbai,0.25283630470016205,0.25283630470016205,False
68,SKU002_Beverages,Kolkata,0.061452513966480445,0.061452513966480445,False
68,SKU003_Cheese,Mumbai,0.5277777777777778,0.5277777777777778,False
68,SKU003_Cheese,Kolkata,0.016757246376811596,0.016757246376811596,False
68,SKU004_Bakery,Mumbai,0.08560311284046693,0.08560311284046693,False
68,SKU004_Bakery,Kolkata,0.011889862327909888,0.011889862327909888,False
68,SKU005_Frozen,Mumbai,0.12860576923076922,0.12860576923076922,False
68,SKU005_Frozen,Kolkata,0.07178217821782178,0.07178217821782178,False
69,SKU001_Snacks,Mumbai,0.03841536614645858,0.03841536614645858,False
69,SKU001_Snacks,Kolkata,0.15747816593886463,0.15747816593886463,False
69,SKU002_Beverages,Mumbai,0.1451271186440678,0.1451271186440678,False
69,SKU002_Beverages,Kolkata,0.06789638932496075,0.06789638932496075,False
69,SKU003_Cheese,Mumbai,0.21496062992125983,0.21496062992125983,False
69,SKU003_Cheese,Kolkata,0.017208413001912046,0.017208413001912046,False
69,SKU004_Bakery,Mumbai,0.0830849478390462,0.0830849478390462,False
69,SKU004_Bakery,Kolkata,0.028767123287671233,0.028767123287671233,False
69,SKU005_Frozen,Mumbai,0.04513274336283186,0.04513274336283186,False
69,SKU005_Frozen,Kolkata,0.15514705882352942,0.15514705882352942,False
70,SKU001_Snacks,Mumbai,0.047872340425531915,0.047872340425531915,False
70,SKU001_Snacks,Kolkata,0.0635593220338983,0.0635593220338983,False
70,SKU002_Beverages,Mumbai,0.13139329805996472,0.13139329805996472,False
70,SKU002_Beverages,Kolkata,0.05793539325842697,0.05793539325842697,False
70,SKU003_Cheese,Mumbai,0.16685393258426967,0.16685393258426967,False
70,SKU003_Cheese,Kolkata,0.17294807370184254,0.17294807370184254,False
70,SKU004_Bakery,Mumbai,0.07535885167464115,0.07535885167464115,False
70,SKU004_Bakery,Kolkata,0.10854765506807867,0.10854765506807867,False
70,SKU005_Frozen,Mumbai,0.15348101265822786,0.15348101265822786,False
70,SKU005_Frozen,Kolkata,0.04807692307692308,0.04807692307692308,False
71,SKU001_Snacks,Mumbai,0.057327001356852106,0.057327001356852106,False
71,SKU001_Snacks,Kolkata,0.10881542699724518,0.10881542699724518,False
71,SKU002_Beverages,Mumbai,0.08346213292117466,0.08346213292117466,False
71,SKU002_Beverages,Kolkata,0.5699300699300699,0.5699300699300699,False
71,SKU003_Cheese,Mumbai,0.12981859410430838,0.12981859410430838,False
71,SKU003_Cheese,Kolkata,0.052795031055900624,0.052795031055900624,False
71,SKU004_Bakery,Mumbai,0.15341880341880343,0.15341880341880343,False
71,SKU004_Bakery,Kolkata,0.0007042253521126761,0.0007042253521126761,False
71,SKU005_Frozen,Mumbai,0.19052631578947368,0.19052631578947368,False
71,SKU005_Frozen,Kolkata,0.2578288100208768,0.2578288100208768,False
72,SKU001_Snacks,Mumbai,0.276032315978456,0.04975314183123874,True
72,SKU001_Snacks,Kolkata,0.34761519805982216,0.05404203718674223,True
72,SKU002_Beverages,Mumbai,0.2479265402843602,0.09050651658767764,True
72,SKU002_Beverages,Kolkata,0.18175853018372704,0.18645013123359572,True
72,SKU003_Cheese,Mumbai,0.42057761732851984,0.15983754512635384,True
72,SKU003_Cheese,Kolkata,0.43527253668763105,0.181145178197065,True
72,SKU004_Bakery,Mumbai,0.33450351053159477,0.035030090270812504,True
72,SKU004_Bakery,Kolkata,0.25869120654396727,0.07489775051124745,True
72,SKU005_Frozen,Mumbai,0.2295302013422819,0.11718120805369121,True
72,SKU005_Frozen,Kolkata,0.3069395017793594,0.004937722419928852,True
73,SKU001_Snacks,Mumbai,0.039081145584725537,0.039081145584725537,False
73,SKU001_Snacks,Kolkata,0.12682481751824817,0.12682481751824817,False
73,SKU002_Beverages,Mumbai,0.1064,0.1064,False
73,SKU002_Beverages,Kolkata,0.14189189189189189,0.14189189189189189,False
73,SKU003_Cheese,Mumbai,0.06329113924050633,0.06329113924050633,False
73,SKU003_Cheese,Kolkata,0.40494505494505495,0.40494505494505495,False
73,SKU004_Bakery,Mumbai,0.08108108108108109,0.08108108108108109,False
73,SKU004_Bakery,Kolkata,0.1627643504531722,0.1627643504531722,False
73,SKU005_Frozen,Mumbai,0.11898148148148148,0.11898148148148148,False
73,SKU005_Frozen,Kolkata,0.20958646616541354,0.20958646616541354,False
74,SKU001_Snacks,Mumbai,0.14888010540184454,0.14888010540184454,False
74,SKU001_Snacks,Kolkata,0.12422166874221668,0.12422166874221668,False
74,SKU002_Beverages,Mumbai,0.03510802469135803,0.03510802469135803,False
74,SKU002_Beverages,Kolkata,0.11613175675675676,0.11613175675675676,False
74,SKU003_Cheese,Mumbai,0.4973614775725594,0.4973614775725594,False
74,SKU003_Cheese,Kolkata,0.38895089285714285,0.38895089285714285,False
74,SKU004_Bakery,Mumbai,0.27437943262411346,0.27437943262411346,False
74,SKU004_Bakery,Kolkata,0.3837316176470588,0.3837316176470588,False
74,SKU005_Frozen,Mumbai,0.04,0.04,False
74,SKU005_Frozen,Kolkata,0.015912897822445562,0.015912897822445562,False
75,SKU001_Snacks,Mumbai,0.30015082956259426,0.30015082956259426,False
75,SKU001_Snacks,Kolkata,0.41706161137440756,0.41706161137440756,False
75,SKU002_Beverages,Mumbai,0.16526138279932545,0.16526138279932545,False
75,SKU002_Beverages,Kolkata,0.014067524115755627,0.014067524115755627,False
75,SKU003_Cheese,Mumbai,0.5971014492753624,0.5971014492753624,False
75,SKU003_Cheese,Kolkata,0.4625,0.4625,False
75,SKU004_Bakery,Mumbai,0.46764091858037576,0.46764091858037576,False
75,SKU004_Bakery,Kolkata,0.20583333333333334,0.20583333333333334,False
75,SKU005_Frozen,Mumbai,0.459375,0.459375,False
75,SKU005_Frozen,Kolkata,0.14962476547842402,0.14962476547842402,False
76,SKU001_Snacks,Mumbai,0.26842105263157895,0.26842105263157895,False
76,SKU001_Snacks,Kolkata,0.26447178002894356,0.26447178002894356,False
76,SKU002_Beverages,Mumbai,0.4293248945147679,0.4293248945147679,False
76,SKU002_Beverages,Kolkata,0.3287671232876712,0.3287671232876712,False
76,SKU003_Cheese,Mumbai,0.11416490486257928,0.11416490486257928,False
76,SKU003_Cheese,Kolkata,0.15625,0.15625,False
76,SKU004_Bakery,Mumbai,0.31871345029239767,0.31871345029239767,False
76,SKU004_Bakery,Kolkata,0.11182108626198083,0.11182108626198083,False
76,SKU005_Frozen,Mumbai,0.09284332688588008,0.09284332688588008,False
76,SKU005_Frozen,Kolkata,0.14908256880733944,0.14908256880733944,False
77,SKU001_Snacks,Mumbai,0.125,0.125,False
77,SKU001_Snacks,Kolkata,0.12729357798165136,0.12729357798165136,False
77,SKU002_Beverages,Mumbai,0.14705882352941177,0.14705882352941177,False
77,SKU002_Beverages,Kolkata,0.05916030534351145,0.05916030534351145,False
77,SKU003_Cheese,Mumbai,0.13049095607235142,0.13049095607235142,False
77,SKU003_Cheese,Kolkata,0.24494097807757167,0.24494097807757167,False
77,SKU004_Bakery,Mumbai,0.09527687296416938,0.09527687296416938,False
77,SKU004_Bakery,Kolkata,0.016722408026755852,0.016722408026755852,False
77,SKU005_Frozen,Mumbai,0.14189189189189189,0.14189189189189189,False
77,SKU005_Frozen,Kolkata,0.11016096579476861,0.11016096579476861,False
78,SKU001_Snacks,Mumbai,0.1309917355371901,0.1309917355371901,False
78,SKU001_Snacks,Kolkata,0.022426470588235294,0.022426470588235294,False
78,SKU002_Beverages,Mumbai,0.2699771689497717,0.2699771689497717,False
78,SKU002_Beverages,Kolkata,0.367816091954023,0.367816091954023,False
78,SKU003_Cheese,Mumbai,0.14099783080260303,0.14099783080260303,False
78,SKU003_Cheese,Kolkata,0.2397172236503856,0.2397172236503856,False
78,SKU004_Bakery,Mumbai,0.07738095238095238,0.07738095238095238,False
78,SKU004_Bakery,Kolkata,0.14951456310679612,0.14951456310679612,False
78,SKU005_Frozen,Mumbai,0.0720164609053498,0.0720164609053498,False
78,SKU005_Frozen,Kolkata,0.30528846153846156,0.30528846153846156,False
79,SKU001_Snacks,Mumbai,0.4223568281938326,0.4223568281938326,False
79,SKU001_Snacks,Kolkata,0.24671669793621012,0.24671669793621012,False
79,SKU002_Beverages,Mumbai,0.4643895348837209,0.4643895348837209,False
79,SKU002_Beverages,Kolkata,0.436046511627907,0.436046511627907,False
79,SKU003_Cheese,Mumbai,0.21428571428571427,0.21428571428571427,False
79,SKU003_Cheese,Kolkata,0.4473684210526316,0.4473684210526316,False
79,SKU004_Bakery,Mumbai,0.2381489841986456,0.2381489841986456,False
79,SKU004_Bakery,Kolkata,0.08086876155268022,0.08086876155268022,False
79,SKU005_Frozen,Mumbai,0.012376237623762377,0.012376237623762377,False
79,SKU005_Frozen,Kolkata,0.22297297297297297,0.22297297297297297,False
80,SKU001_Snacks,Mumbai,0.16408450704225352,0.2120774647887323,True
80,SKU001_Snacks,Kolkata,0.1055944055944056,0.29688811188811187,True
80,SKU002_Beverages,Mumbai,0.41367861885790175,0.14983399734395755,True
80,SKU002_Beverages,Kolkata,0.37088607594936707,0.0877848101265823,True
80,SKU003_Cheese,Mumbai,0.11300639658848614,0.28614072494669496,True
80,SKU003_Cheese,Kolkata,0.11061507936507936,0.28960813492063486,True
80,SKU004_Bakery,Mumbai,0.13123993558776167,0.2597020933977455,True
80,SKU004_Bakery,Kolkata,0.13767019667170954,0.2503782148260212,True
80,SKU005_Frozen,Mumbai,0.1796875,0.189453125,True
80,SKU005_Frozen,Kolkata,0.15839350180505415,0.22032942238267147,True
81,SKU001_Snacks,Mumbai,0.1346153846153846,0.1346153846153846,False
81,SKU001_Snacks,Kolkata,0.15888689407540396,0.15888689407540396,False
81,SKU002_Beverages,Mumbai,0.008382642998027613,0.008382642998027613,False
81,SKU002_Beverages,Kolkata,0.1661522633744856,0.1661522633744856,False
81,SKU003_Cheese,Mumbai,0.05063291139240506,0.05063291139240506,False
81,SKU003_Cheese,Kolkata,0.014013452914798207,0.014013452914798207,False
81,SKU004_Bakery,Mumbai,0.05297397769516728,0.05297397769516728,False
81,SKU004_Bakery,Kolkata,0.00387263339070568,0.00387263339070568,False
81,SKU005_Frozen,Mumbai,0.25451467268623024,0.25451467268623024,False
81,SKU005_Frozen,Kolkata,0.007526881720430108,0.007526881720430108,False
82,SKU001_Snacks,Mumbai,0.1865979381443299,0.1865979381443299,False
82,SKU001_Snacks,Kolkata,0.006888168557536467,0.006888168557536467,False
82,SKU002_Beverages,Mumbai,0.07023060796645703,0.07023060796645703,False
82,SKU002_Beverages,Kolkata,0.23995271867612294,0.23995271867612294,False
82,SKU003_Cheese,Mumbai,0.19827586206896552,0.19827586206896552,False
82,SKU003_Cheese,Kolkata,0.13524590163934427,0.13524590163934427,False
82,SKU004_Bakery,Mumbai,0.0330188679245283,0.0330188679245283,False
82,SKU004_Bakery,Kolkata,0.17006109979633402,0.17006109979633402,False
82,SKU005_Frozen,Mumbai,0.610248447204969,0.610248447204969,False
82,SKU005_Frozen,Kolkata,0.22148541114058357,0.22148541114058357,False
83,SKU001_Snacks,Mumbai,0.06335282651072124,0.06335282651072124,False
83,SKU001_Snacks,Kolkata,0.23824130879345604,0.23824130879345604,False
83,SKU002_Beverages,Mumbai,0.13840262582056892,0.13840262582056892,False
83,SKU002_Beverages,Kolkata,0.4056603773584906,0.4056603773584906,False
83,SKU003_Cheese,Mumbai,0.34515570934256057,0.34515570934256057,False
83,SKU003_Cheese,Kolkata,0.6068627450980392,0.6068627450980392,False
83,SKU004_Bakery,Mumbai,0.3880208333333333,0.3880208333333333,False
83,SKU004_Bakery,Kolkata,0.4106699751861042,0.4106699751861042,False
83,SKU005_Frozen,Mumbai,0.5863787375415282,0.5863787375415282,False
83,SKU005_Frozen,Kolkata,0.2697183098591549,0.2697183098591549,False
84,SKU001_Snacks,Mumbai,0.037371134020618556,0.037371134020618556,False
84,SKU001_Snacks,Kolkata,0.40212264150943394,0.40212264150943394,False
84,SKU002_Beverages,Mumbai,0.3644278606965174,0.3644278606965174,False
84,SKU002_Beverages,Kolkata,0.23803827751196172,0.23803827751196172,False
84,SKU003_Cheese,Mumbai,0.3029513888888889,0.3029513888888889,False
84,SKU003_Cheese,Kolkata,0.19740853658536586,0.19740853658536586,False
84,SKU004_Bakery,Mumbai,0.0344311377245509,0.0344311377245509,False
84,SKU004_Bakery,Kolkata,0.3217821782178218,0.3217821782178218,False
84,SKU005_Frozen,Mumbai,0.04024390243902439,0.04024390243902439,False
84,SKU005_Frozen,Kolkata,0.19603825136612021,0.19603825136612021,False
85,SKU001_Snacks,Mumbai,0.1712860310421286,0.1712860310421286,False
85,SKU001_Snacks,Kolkata,0.017419962335216574,0.017419962335216574,False
85,SKU002_Beverages,Mumbai,0.09301181102362205,0.09301181102362205,False
85,SKU002_Beverages,Kolkata,0.07741116751269035,0.07741116751269035,False
85,SKU003_Cheese,Mumbai,0.06515580736543909,0.06515580736543909,False
85,SKU003_Cheese,Kolkata,0.013808139534883721,0.013808139534883721,False
85,SKU004_Bakery,Mumbai,0.23295454545454544,0.23295454545454544,False
85,SKU004_Bakery,Kolkata,0.052923387096774195,0.052923387096774195,False
85,SKU005_Frozen,Mumbai,0.1670428893905192,0.1670428893905192,False
85,SKU005_Frozen,Kolkata,0.19763860369609856,0.19763860369609856,False
86,SKU001_Snacks,Mumbai,0.062238493723849375,0.062238493723849375,False
86,SKU001_Snacks,Kolkata,0.06994584837545126,0.06994584837545126,False
86,SKU002_Beverages,Mumbai,0.17302798982188294,0.17302798982188294,False
86,SKU002_Beverages,Kolkata,0.00375,0.00375,False
86,SKU003_Cheese,Mumbai,0.0047169811320754715,0.0047169811320754715,False
86,SKU003_Cheese,Kolkata,0.042741935483870966,0.042741935483870966,False
86,SKU004_Bakery,Mumbai,0.00165929203539823,0.00165929203539823,False
86,SKU004_Bakery,Kolkata,0.15,0.15,False
86,SKU005_Frozen,Mumbai,0.25510204081632654,0.25510204081632654,False
86,SKU005_Frozen,Kolkata,0.2460691823899371,0.2460691823899371,False
87,SKU001_Snacks,Mumbai,0.4498567335243553,0.4498567335243553,False
87,SKU001_Snacks,Kolkata,0.15893271461716937,0.15893271461716937,False
87,SKU002_Beverages,Mumbai,0.23943661971830985,0.23943661971830985,False
87,SKU002_Beverages,Kolkata,0.19924242424242425,0.19924242424242425,False
87,SKU003_Cheese,Mumbai,0.31645569620253167,0.31645569620253167,False
87,SKU003_Cheese,Kolkata,0.11894586894586895,0.11894586894586895,False
87,SKU004_Bakery,Mumbai,0.4939655172413793,0.4939655172413793,False
87,SKU004_Bakery,Kolkata,0.47473867595818814,0.47473867595818814,False
87,SKU005_Frozen,Mumbai,0.4596774193548387,0.4596774193548387,False
87,SKU005_Frozen,Kolkata,0.6373390557939914,0.6373390557939914,False
88,SKU001_Snacks,Mumbai,0.26424050632911394,0.0668512658227848,True
88,SKU001_Snacks,Kolkata,0.3031609195402299,0.010416666666666666,True
88,SKU002_Beverages,Mumbai,0.2624555160142349,0.06943950177935938,True
88,SKU002_Beverages,Kolkata,0.08591549295774648,0.5745774647887325,True
88,SKU003_Cheese,Mumbai,0.35698924731182796,0.06763440860215052,True
88,SKU003_Cheese,Kolkata,0.1791871921182266,0.19017857142857136,True
88,SKU004_Bakery,Mumbai,0.3412379421221865,0.04479501607717053,True
88,SKU004_Bakery,Kolkata,0.33403716216216217,0.0343538851351351,True
88,SKU005_Frozen,Mumbai,0.15145985401459855,0.2303832116788321,True
88,SKU005_Frozen,Kolkata,0.25477707006369427,0.0805732484076433,True
89,SKU001_Snacks,Mumbai,0.0618860510805501,0.0618860510805501,False
89,SKU001_Snacks,Kolkata,0.1194331983805668,0.1194331983805668,False
89,SKU002_Beverages,Mumbai,0.2985714285714286,0.2985714285714286,False
89,SKU002_Beverages,Kolkata,0.24075975359342916,0.24075975359342916,False
89,SKU003_Cheese,Mumbai,0.18771626297577854,0.18771626297577854,False
89,SKU003_Cheese,Kolkata,0.002130681818181818,0.002130681818181818,False
89,SKU004_Bakery,Mumbai,0.06183368869936034,0.06183368869936034,False
89,SKU004_Bakery,Kolkata,0.08643892339544514,0.08643892339544514,False
89,SKU005_Frozen,Mumbai,0.20319634703196346,0.20319634703196346,False
89,SKU005_Frozen,Kolkata,0.09347826086956522,0.09347826086956522,False
90,SKU001_Snacks,Mumbai,0.21481481481481482,0.21481481481481482,False
90,SKU001_Snacks,Kolkata,0.3008373205741627,0.3008373205741627,False
90,SKU002_Beverages,Mumbai,0.15921787709497207,0.15921787709497207,False
90,SKU002_Beverages,Kolkata,0.1592920353982301,0.1592920353982301,False
90,SKU003_Cheese,Mumbai,0.21654275092936803,0.21654275092936803,False
90,SKU003_Cheese,Kolkata,0.43623481781376516,0.43623481781376516,False
90,SKU004_Bakery,Mumbai,0.05103211009174312,0.05103211009174312,False
90,SKU004_Bakery,Kolkata,0.05806451612903226,0.05806451612903226,False
90,SKU005_Frozen,Mumbai,0.23754448398576514,0.23754448398576514,False
90,SKU005_Frozen,Kolkata,0.05804953560371517,0.05804953560371517,False
91,SKU001_Snacks,Mumbai,0.205470737913486,0.205470737913486,False
91,SKU001_Snacks,Kolkata,0.11542669584245077,0.11542669584245077,False
91,SKU002_Beverages,Mumbai,0.23480243161094225,0.23480243161094225,False
91,SKU002_Beverages,Kolkata,0.2633779264214047,0.2633779264214047,False
91,SKU003_Cheese,Mumbai,0.019417475728155338,0.019417475728155338,False
91,SKU003_Cheese,Kolkata,0.26022304832713755,0.26022304832713755,False
91,SKU004_Bakery,Mumbai,0.15291878172588833,0.15291878172588833,False
91,SKU004_Bakery,Kolkata,0.22453083109919572,0.22453083109919572,False
91,SKU005_Frozen,Mumbai,0.15217391304347827,0.15217391304347827,False
91,SKU005_Frozen,Kolkata,0.09235668789808917,0.09235668789808917,False
92,SKU001_Snacks,Mumbai,0.26566579634464754,0.26566579634464754,False
92,SKU001_Snacks,Kolkata,0.1786529680365297,0.1786529680365297,False
92,SKU002_Beverages,Mumbai,0.10734072022160665,0.10734072022160665,False
92,SKU002_Beverages,Kolkata,0.09144542772861357,0.09144542772861357,False
92,SKU003_Cheese,Mumbai,0.006042296072507553,0.006042296072507553,False
92,SKU003_Cheese,Kolkata,0.13345195729537365,0.13345195729537365,False
92,SKU004_Bakery,Mumbai,0.10656682027649769,0.10656682027649769,False
92,SKU004_Bakery,Kolkata,0.2231457800511509,0.2231457800511509,False
92,SKU005_Frozen,Mumbai,0.009180790960451978,0.009180790960451978,False
92,SKU005_Frozen,Kolkata,0.03133333333333333,0.03133333333333333,False
93,SKU001_Snacks,Mumbai,0.01744186046511628,0.01744186046511628,False
93,SKU001_Snacks,Kolkata,0.07559523809523809,0.07559523809523809,False
93,SKU002_Beverages,Mumbai,0.06550802139037433,0.06550802139037433,False
93,SKU002_Beverages,Kolkata,0.005494505494505495,0.005494505494505495,False
93,SKU003_Cheese,Mumbai,0.20281124497991967,0.20281124497991967,False
93,SKU003_Cheese,Kolkata,0.11337209302325581,0.11337209302325581,False
93,SKU004_Bakery,Mumbai,0.10522959183673469,0.10522959183673469,False
93,SKU004_Bakery,Kolkata,0.01834862385321101,0.01834862385321101,False
93,SKU005_Frozen,Mumbai,0.028328611898016998,0.028328611898016998,False
93,SKU005_Frozen,Kolkata,0.06015625,0.06015625,False
94,SKU001_Snacks,Mumbai,0.08047945205479452,0.08047945205479452,False
94,SKU001_Snacks,Kolkata,0.1571011673151751,0.1571011673151751,False
94,SKU002_Beverages,Mumbai,0.00423728813559322,0.00423728813559322,False
94,SKU002_Beverages,Kolkata,0.15977443609022557,0.15977443609022557,False
94,SKU003_Cheese,Mumbai,0.04512635379061372,0.04512635379061372,False
94,SKU003_Cheese,Kolkata,0.30408970976253297,0.30408970976253297,False
94,SKU004_Bakery,Mumbai,0.05263157894736842,0.05263157894736842,False
94,SKU004_Bakery,Kolkata,0.025175644028103045,0.025175644028103045,False
94,SKU005_Frozen,Mumbai,0.12804878048780488,0.12804878048780488,False
94,SKU005_Frozen,Kolkata,0.1935483870967742,0.1935483870967742,False
95,SKU001_Snacks,Mumbai,0.059496567505720827,0.059496567505720827,False
95,SKU001_Snacks,Kolkata,0.043410041841004186,0.043410041841004186,False
95,SKU002_Beverages,Mumbai,0.00424929178470255,0.00424929178470255,False
95,SKU002_Beverages,Kolkata,0.08550913838120104,0.08550913838120104,False
95,SKU003_Cheese,Mumbai,0.06,0.06,False
95,SKU003_Cheese,Kolkata,0.0980243161094225,0.0980243161094225,False
95,SKU004_Bakery,Mumbai,0.29049844236760125,0.29049844236760125,False
95,SKU004_Bakery,Kolkata,0.009305210918114143,0.009305210918114143,False
95,SKU005_Frozen,Mumbai,0.6447368421052632,0.6447368421052632,False
95,SKU005_Frozen,Kolkata,0.21052631578947367,0.21052631578947367,False
96,SKU001_Snacks,Mumbai,0.5052754982415005,0.28264947245017585,True
96,SKU001_Snacks,Kolkata,0.01425438596491228,0.4706688596491228,True
96,SKU002_Beverages,Mumbai,0.02830188679245283,0.40896226415094344,True
96,SKU002_Beverages,Kolkata,0.4069488817891374,0.1400758785942492,True
96,SKU003_Cheese,Mumbai,0.41286307053941906,0.14865145228215776,True
96,SKU003_Cheese,Kolkata,0.36764705882352944,0.08308823529411771,True
96,SKU004_Bakery,Mumbai,0.1868583162217659,0.1790554414784393,True
96,SKU004_Bakery,Kolkata,0.19406614785992218,0.16860408560311288,True
96,SKU005_Frozen,Mumbai,0.4591750841750842,0.21580387205387205,True
96,SKU005_Frozen,Kolkata,0.18848167539267016,0.17670157068062828,True
97,SKU001_Snacks,Mumbai,0.05516637478108581,0.05516637478108581,False
97,SKU001_Snacks,Kolkata,0.15245009074410162,0.15245009074410162,False
97,SKU002_Beverages,Mumbai,0.03125,0.03125,False
97,SKU002_Beverages,Kolkata,0.0574468085106383,0.0574468085106383,False
97,SKU003_Cheese,Mumbai,0.02476038338658147,0.02476038338658147,False
97,SKU003_Cheese,Kolkata,0.0034153005464480873,0.0034153005464480873,False
97,SKU004_Bakery,Mumbai,0.22637051039697542,0.22637051039697542,False
97,SKU004_Bakery,Kolkata,0.01598173515981735,0.01598173515981735,False
97,SKU005_Frozen,Mumbai,0.12154377880184332,0.12154377880184332,False
97,SKU005_Frozen,Kolkata,0.2833333333333333,0.2833333333333333,False
98,SKU001_Snacks,Mumbai,0.2772222222222222,0.2772222222222222,False
98,SKU001_Snacks,Kolkata,0.00249500998003992,0.00249500998003992,False
98,SKU002_Beverages,Mumbai,0.140625,0.140625,False
98,SKU002_Beverages,Kolkata,0.00967741935483871,0.00967741935483871,False
98,SKU003_Cheese,Mumbai,0.25185873605947956,0.25185873605947956,False
98,SKU003_Cheese,Kolkata,0.22421875,0.22421875,False
98,SKU004_Bakery,Mumbai,0.09489795918367347,0.09489795918367347,False
98,SKU004_Bakery,Kolkata,0.2549295774647887,0.2549295774647887,False
98,SKU005_Frozen,Mumbai,0.016455696202531647,0.016455696202531647,False
98,SKU005_Frozen,Kolkata,0.06712328767123288,0.06712328767123288,False
99,SKU001_Snacks,Mumbai,0.38217703349282295,0.38217703349282295,False
99,SKU001_Snacks,Kolkata,0.14665127020785218,0.14665127020785218,False
99,SKU002_Beverages,Mumbai,0.09245742092457421,0.09245742092457421,False
99,SKU002_Beverages,Kolkata,0.1710843373493976,0.1710843373493976,False
99,SKU003_Cheese,Mumbai,0.15034364261168384,0.15034364261168384,False
99,SKU003_Cheese,Kolkata,0.3416370106761566,0.3416370106761566,False
99,SKU004_Bakery,Mumbai,0.15926395939086294,0.15926395939086294,False
99,SKU004_Bakery,Kolkata,0.15178571428571427,0.15178571428571427,False
99,SKU005_Frozen,Mumbai,0.45714285714285713,0.45714285714285713,False
99,SKU005_Frozen,Kolkata,0.17532467532467533,0.17532467532467533,False
100,SKU001_Snacks,Mumbai,0.22435897435897437,0.22435897435897437,False
100,SKU001_Snacks,Kolkata,0.11551724137931034,0.11551724137931034,False
100,SKU002_Beverages,Mumbai,0.2548076923076923,0.2548076923076923,False
100,SKU002_Beverages,Kolkata,0.38375350140056025,0.38375350140056025,False
100,SKU003_Cheese,Mumbai,0.14886934673366833,0.14886934673366833,False
100,SKU003_Cheese,Kolkata,0.12679425837320574,0.12679425837320574,False
100,SKU004_Bakery,Mumbai,0.10981308411214953,0.10981308411214953,False
100,SKU004_Bakery,Kolkata,0.10700197238658778,0.10700197238658778,False
100,SKU005_Frozen,Mumbai,0.36897106109324757,0.36897106109324757,False
100,SKU005_Frozen,Kolkata,0.019736842105263157,0.019736842105263157,False
101,SKU001_Snacks,Mumbai,0.165061295971979,0.165061295971979,False
101,SKU001_Snacks,Kolkata,0.18505942275042445,0.18505942275042445,False
101,SKU002_Beverages,Mumbai,0.1505,0.1505,False
101,SKU002_Beverages,Kolkata,0.30040983606557375,0.30040983606557375,False
101,SKU003_Cheese,Mumbai,0.18525641025641026,0.18525641025641026,False
101,SKU003_Cheese,Kolkata,0.09830729166666667,0.09830729166666667,False
101,SKU004_Bakery,Mumbai,0.27175632911392406,0.27175632911392406,False
101,SKU004_Bakery,Kolkata,0.16789667896678967,0.16789667896678967,False
101,SKU005_Frozen,Mumbai,0.3683274021352313,0.3683274021352313,False
101,SKU005_Frozen,Kolkata,0.356401384083045,0.356401384083045,False
102,SKU001_Snacks,Mumbai,0.1220073664825046,0.1220073664825046,False
102,SKU001_Snacks,Kolkata,0.07466918714555766,0.07466918714555766,False
102,SKU002_Beverages,Mumbai,0.1271266540642722,0.1271266540642722,False
102,SKU002_Beverages,Kolkata,0.042012448132780086,0.042012448132780086,False
102,SKU003_Cheese,Mumbai,0.02601156069364162,0.02601156069364162,False
102,SKU003_Cheese,Kolkata,0.2473175965665236,0.2473175965665236,False
102,SKU004_Bakery,Mumbai,0.00816326530612245,0.00816326530612245,False
102,SKU004_Bakery,Kolkata,0.016494845360824743,0.016494845360824743,False
102,SKU005_Frozen,Mumbai,0.13228699551569506,0.13228699551569506,False
102,SKU005_Frozen,Kolkata,0.05831408775981524,0.05831408775981524,False
103,SKU001_Snacks,Mumbai,0.1415525114155251,0.1415525114155251,False
103,SKU001_Snacks,Kolkata,0.08055555555555556,0.08055555555555556,False
103,SKU002_Beverages,Mumbai,0.335149863760218,0.335149863760218,False
103,SKU002_Beverages,Kolkata,0.02100840336134454,0.02100840336134454,False
103,SKU003_Cheese,Mumbai,0.04472140762463343,0.04472140762463343,False
103,SKU003_Cheese,Kolkata,0.18425076452599387,0.18425076452599387,False
103,SKU004_Bakery,Mumbai,0.03404255319148936,0.03404255319148936,False
103,SKU004_Bakery,Kolkata,0.06513761467889909,0.06513761467889909,False
103,SKU005_Frozen,Mumbai,0.0603448275862069,0.0603448275862069,False
103,SKU005_Frozen,Kolkata,0.009906759906759906,0.009906759906759906,False
104,SKU001_Snacks,Mumbai,0.1841680129240711,0.1841680129240711,False
104,SKU001_Snacks,Kolkata,0.2047872340425532,0.2047872340425532,False
104,SKU002_Beverages,Mumbai,0.03621730382293763,0.03621730382293763,False
104,SKU002_Beverages,Kolkata,0.10714285714285714,0.10714285714285714,False
104,SKU003_Cheese,Mumbai,0.12618483412322276,0.12618483412322276,False
104,SKU003_Cheese,Kolkata,0.09848484848484848,0.09848484848484848,False
104,SKU004_Bakery,Mumbai,0.09498207885304659,0.09498207885304659,False
104,SKU004_Bakery,Kolkata,0.10233160621761658,0.10233160621761658,False
104,SKU005_Frozen,Mumbai,0.18618042226487524,0.18618042226487524,False
104,SKU005_Frozen,Kolkata,0.18489583333333334,0.18489583333333334,False
